order_id,customer_id,order_date,order_status,shipping_address,billing_address,total_amount,payment_method,shipping_method,tracking_number
1,48,2024-05-27,Delivered,52914 Ewing Loop,74305 Montgomery Mountain,1050,2297295170717395,speech,6157155695491
2,58,2024-01-01,Cancelled,67944 Barton Summit Suite 232,9499 Timothy Harbors,3758,349331027517464,white,6965207292266
3,17,2024-03-24,Cancelled,366 Veronica Mission,42117 Nelson Circle,4424,2362444304100603,stand,1118260150751
4,8,2024-04-18,Pending,2021 Nancy Keys Apt. 906,4637 Elizabeth Inlet Suite 934,4446,4403852589768844,pull,1001095407421
5,7,2024-05-14,Shipped,352 Martin Mills Apt. 075,7075 Jacobs Junction Apt. 211,2942,4695717425033942,get,6270264812778
6,42,2024-07-02,Shipped,514 Owen Wells Suite 426,4926 Rose Points Suite 437,949,36196104465152,choose,1643872338407
7,18,2024-03-27,Shipped,2998 Le Glens,8742 Heather Canyon,2428,4035535081851187712,interview,3206024142604
8,23,2024-05-09,Pending,61788 Dawn Place,464 Williams Ways,3826,4561948484957121252,style,1410576752026
9,100,2024-07-20,Cancelled,7100 Erin Circles,019 Kayla Circle,3820,3509593024277802,audience,6681006316230
10,93,2024-05-23,Pending,84397 Amanda Mountains Suite 230,602 Jimmy Dale,169,4753479931069943668,again,9839450641584
11,29,2024-06-22,Pending,595 Oliver Vista Suite 927,18127 Mark Burgs,128,6011138148391727,long,8448038179046
12,98,2024-05-09,Pending,257 Katherine Path Suite 746,09503 Gomez Station,678,343588908810898,business,0934109179797
13,12,2024-07-08,Shipped,8744 Darryl Harbor Suite 470,4249 Phillips Underpass Apt. 112,4848,3537075465857298,central,3291686741395
14,22,2024-07-22,Shipped,4548 Heidi Lakes Apt. 617,953 Justin Stream Apt. 615,1236,378956081158732,treat,9961179525194
15,48,2024-06-14,Cancelled,1218 Murray Mission,207 Jones Isle Suite 272,378,378769211124007,fight,6598571949223
16,66,2024-04-19,Delivered,65315 Jones Viaduct,601 Murphy Gardens Suite 993,3105,3580621149149291,who,8468192019323
17,50,2024-07-02,Delivered,6743 Fleming Lock,5502 Rodriguez Street Apt. 123,2388,639016439353,end,6732250127889
18,67,2024-03-01,Cancelled,8531 Carlos Stream Apt. 479,8456 Joseph Ville,1107,4417225921377490287,seek,6909088726960
19,65,2024-07-18,Delivered,3325 Ryan Bridge Apt. 330,870 Vincent Circles Apt. 831,796,503865133444,cover,1708755007495
20,96,2024-02-04,Cancelled,66766 Mcbride Lane Suite 601,4965 Reginald Creek Apt. 677,4593,3594293524347686,believe,6171643976220
21,56,2024-03-14,Cancelled,98505 Reynolds Ports,889 Robert Garden,888,6011996449310971,energy,6858925388994
22,87,2024-05-24,Delivered,28313 Sean Green,19534 Randy Stravenue Apt. 530,3025,3500509561934885,maybe,9364547777490
23,76,2024-05-03,Delivered,8472 Richard Path,57630 William Estates,1663,570475796241,million,5520144172951
24,49,2024-03-09,Delivered,0442 Eric Summit,9084 Christine Stravenue,2542,4741120740522,future,0298981121603
25,51,2024-04-08,Shipped,083 Richardson Gardens,0006 Katherine Curve,1447,30555129932718,something,6942755453912
26,3,2024-05-18,Shipped,28744 Courtney Ranch Suite 195,9769 Smith Rapid Suite 998,1586,30078980624886,growth,9272870715136
27,28,2024-06-17,Pending,7445 Campos Mountain,8629 Watkins Curve,4381,4304033804558985,speak,1082731686424
28,43,2024-01-22,Cancelled,0891 Hebert Stream,3796 Michael Highway Suite 558,2132,30343459933576,deal,4878119574721
29,65,2024-06-25,Cancelled,31137 Chen Divide Suite 346,13810 Keller Flats Apt. 031,2434,30588900324417,describe,5349704485641
30,38,2024-04-20,Cancelled,38453 Stevens Wells Apt. 545,841 King Pass,2420,370774020112969,large,9394519115722
31,68,2024-04-17,Cancelled,09537 Donald Ferry Suite 360,6894 Brittney Mission,2788,3582419048039723,design,1988731723018
32,99,2024-03-31,Delivered,914 Charles Knolls,564 Christian Stream Suite 901,4261,575127527498,write,7072956932547
33,7,2024-06-22,Delivered,824 Elliott Expressway Apt. 711,82059 Julie Spurs,1589,180000056891395,until,5671395512222
34,98,2024-07-14,Shipped,77233 Crystal Walk Suite 077,85815 Rachel Tunnel,1139,4319329425438124110,college,3629827015461
35,36,2024-07-13,Shipped,705 Kelly Stream,37113 Crystal Cape Suite 224,641,4138821853984470,down,9569128346915
36,17,2024-01-09,Pending,36517 Ford Lodge Apt. 981,283 Anna Mission,4324,6011566022590248,customer,8449211772733
37,41,2024-01-26,Delivered,474 Green Harbor Suite 420,81846 Middleton Avenue,3665,2350514846192633,as,9536112243918
38,67,2024-03-19,Shipped,1110 Miller Turnpike Suite 772,467 Andrea Fords,4337,374227313827567,million,7275706573049
39,28,2024-02-03,Cancelled,938 Christina Court,9803 Ian Cliff Suite 345,30,3510094867736993,ten,0504395497204
40,9,2024-06-24,Pending,49681 Debbie Prairie,735 Adams Mission,2608,4088432676813161789,under,8394457410287
41,72,2024-03-18,Delivered,8423 Rebecca Land,4874 Ortiz Lodge Apt. 381,4808,180038927543092,add,0549946030837
42,36,2024-06-26,Cancelled,736 Morris Points,49375 Tony Mission,4538,4598560275080308074,support,9255433079197
43,84,2024-07-04,Pending,762 Martinez Plain,94589 Chen Bridge,4050,5455465034662241,go,7161772537507
44,38,2024-06-05,Delivered,56974 Wendy Drives Suite 403,634 Brett Forks Suite 503,1159,3574295582919474,though,7873236014324
45,64,2024-06-02,Pending,63242 Rachel Lakes,71768 Taylor Parks Suite 612,1659,180036804978571,score,5132338126307
46,93,2024-07-13,Delivered,43481 Perez Points,3346 Taylor Ridge,729,4534882530383833,central,0327677611873
47,100,2024-05-14,Shipped,7511 Ryan Cape,2109 Thomas Knoll,2553,213114104841483,act,7285295336895
48,54,2024-02-20,Delivered,71282 Tina Wall Apt. 724,320 Paul Burg,140,4328844518382,type,5926243221314
49,38,2024-05-29,Delivered,578 Charles Trail,28681 Payne Extension Suite 495,4382,4118463874070569,hit,0539698108717
50,85,2024-01-23,Delivered,598 Luke Estates,0605 William Mill Suite 406,4220,2252613413234379,our,3664079060890
51,12,2024-04-04,Pending,5726 Emily Parks Apt. 250,1847 Jerry Park Apt. 764,2379,6011630611138528,or,9638471162319
52,64,2024-04-30,Shipped,6301 Lane Gardens,99080 Kayla Mission Apt. 284,747,379228042548362,family,1834574697934
53,3,2024-04-20,Pending,206 Bates Dam Suite 208,70623 Yang Shoal,3957,503882089645,explain,3066871632488
54,41,2024-01-20,Cancelled,380 King Spur,6962 Rowe Green,1211,341172883679057,arrive,7245614924189
55,51,2024-05-24,Cancelled,737 Smith Union,9453 Kim Rapid,832,4689153491606601,claim,2012154375697
56,95,2024-07-04,Cancelled,493 Navarro Manors Apt. 470,663 Anderson Village,2208,4209729207508404856,culture,8885689951537
57,17,2024-07-09,Shipped,4607 Sheila Stream Suite 905,550 Chapman Radial,2693,676380874443,performance,2100859140310
58,34,2024-02-20,Pending,2973 Raymond Well,03367 Valdez Grove,865,3541250906270757,remain,3371426949790
59,67,2024-04-09,Delivered,507 Jeff Meadows,91862 Christina Courts Apt. 997,406,4187960797751587700,region,6168245231819
60,95,2024-03-13,Shipped,2346 Andrew Walks,241 Gregory Pines Apt. 976,548,30031524035945,generation,4859762555947
61,87,2024-01-12,Pending,163 Hays Crescent,29729 Nancy Rapids,4584,4239484695077,travel,1382634223901
62,14,2024-01-11,Delivered,165 Payne Alley Suite 406,942 Kevin Wells,426,30526838924494,dog,1342508909997
63,11,2024-03-23,Cancelled,6841 Thompson Mill Apt. 856,2872 Jonathon Spring,3265,3500128549162285,nor,6309101398387
64,31,2024-05-04,Delivered,081 Fox Dale,9324 Cooper Land Apt. 227,415,4208611449725177161,behind,7886582776990
65,87,2024-01-30,Cancelled,70950 Cruz Ways Suite 226,1018 Stephanie Parks Apt. 432,2754,4466490719465921733,heart,7968225248306
66,39,2024-06-23,Pending,771 Veronica Way Apt. 109,62430 Sharon Shore Suite 203,4099,213178416463815,yeah,0896610952934
67,19,2024-02-17,Delivered,18474 Barnett Road Suite 270,73587 Vasquez Radial Apt. 934,3099,4355762705332258967,similar,7739504726736
68,84,2024-03-23,Pending,2116 Travis Bypass,45498 Bauer Court Apt. 438,2876,4320950992530627,around,3636420603117
69,21,2024-01-10,Delivered,417 Jeremy Inlet,784 Ellen Way Apt. 749,1204,4174624640031772815,maintain,7346448787268
70,26,2024-01-26,Shipped,17460 Katrina Trail Apt. 546,41223 David Extensions,4335,4474259912974236967,threat,4380140663607
71,88,2024-07-14,Shipped,4135 Brennan Corners Suite 344,64482 Kimberly Keys Apt. 169,3732,3597523756457895,rich,4712418137914
72,87,2024-04-21,Delivered,6657 Ashley Crossing Apt. 725,9154 Pena Flat,2055,639072100154,wear,7075085179272
73,51,2024-01-11,Delivered,30753 Johnson Field,0566 Cook Parks Apt. 706,4370,060499474439,garden,0965839398820
74,79,2024-04-07,Pending,654 Courtney Pike Suite 062,89085 Norman Throughway,2557,4965767705086188,tend,0977830704937
75,72,2024-01-10,Pending,090 Lopez Cape,55792 Washington Bypass Suite 833,2665,4376442106465677160,series,9198339371951
76,47,2024-06-12,Cancelled,08528 Angel Wells,96550 Webb Mission Suite 094,3146,30026882826380,create,9299095488669
77,25,2024-02-28,Cancelled,30493 Jackson Well Apt. 427,92557 Martin Road Suite 130,528,30018698189871,skin,2059746116818
78,6,2024-02-19,Cancelled,064 Lopez Causeway Apt. 860,375 Smith Shoals Apt. 626,4693,3514966793886768,partner,9935696140666
79,33,2024-04-27,Delivered,393 Lozano Hill Suite 084,87976 Avery Manors Suite 447,3255,502052036774,time,3618293246721
80,81,2024-03-10,Cancelled,0411 Lindsay Square Suite 230,828 David Manor,4102,502063947548,improve,8529001048535
81,43,2024-05-26,Delivered,5012 Hanson Plains,005 Sharp Burg,1986,2261595326389607,like,5182079712239
82,1,2024-01-15,Shipped,564 Stephens Place,7164 Matthew Circles Apt. 090,4431,2384235773452812,usually,3145752820920
83,9,2024-05-13,Shipped,72599 Gabriel Ways Suite 599,70305 Joseph Union,273,2709445437627356,fish,6992985843236
84,71,2024-07-15,Delivered,4428 Heather Port Suite 997,22983 Scott Lodge,1991,4179498419707032,think,3299030269625
85,58,2024-07-09,Cancelled,8974 Paula Fort,146 Carl Stravenue Suite 343,3186,180024708996493,someone,1025322079168
86,90,2024-06-10,Pending,10068 Dean Ports,1578 Stacey Burgs Apt. 926,529,4171036857931,choose,8240054757235
87,89,2024-06-18,Cancelled,182 Pineda Parks Apt. 341,20101 Katherine Island,1663,4931205687757980,spend,6686451701761
88,46,2024-06-27,Shipped,687 Higgins Union Suite 514,1357 Travis Circle,1464,4072153444261657,same,8051414799341
89,74,2024-07-17,Cancelled,07910 Haley Corner,4416 Mullins Place,2428,4296599373553762327,wide,7584109266145
90,70,2024-04-30,Delivered,5610 Trujillo Springs,366 Pamela Dam,3968,584908851887,argue,3792056609005
91,32,2024-04-26,Delivered,73743 Jessica Flats,0178 Jason Parkways,2337,36676021817320,discuss,0907288517438
92,10,2024-01-01,Cancelled,62494 Karen Vista Suite 446,20262 Hunter Roads,742,370672645108661,color,9966744258811
93,18,2024-05-20,Delivered,53393 Jordan Pass,934 Bishop Ford Suite 863,2714,372857076890428,business,5226804290644
94,66,2024-07-06,Delivered,92155 Mullins Inlet Apt. 915,73099 Powell Mission,516,180013958362555,turn,0976276188677
95,98,2024-04-18,Delivered,32293 Luis Union Suite 958,879 Linda Canyon,4312,4415862424789540304,less,7711128227219
96,93,2024-06-18,Shipped,499 Ashley Mission Suite 581,346 Martin Union Suite 596,1427,6547163006509353,try,1872097538884
97,26,2024-04-19,Cancelled,48344 Sharon Rest Suite 190,83323 Karen Tunnel,4001,3567713053919871,study,4755604321025
98,88,2024-03-18,Shipped,69767 Cordova Forges Apt. 364,853 Kennedy Circles Apt. 941,1847,3509220376587824,lay,8046875018100
99,34,2024-03-23,Delivered,97673 Michael Camp,88684 Garner Harbor Apt. 350,4814,30270686550024,pressure,3670316891684
100,27,2024-07-19,Shipped,010 Miller Fork,748 Snyder Wall Suite 392,3344,4000124927147284005,soldier,0777813866115
